TEXTUREID,ANIMAIONID,REPEAT(0: true, 1: false)
mario_bros,marioSmallSwimming,0

,48,96,224,32,16,16,0.100000
,48,96,240,32,16,16,0.010000
,48,96,256,32,16,16,0.010000
,48,96,288,32,16,16,0.010000