TEXTUREID,ANIMAIONID,REPEAT(0: true, 1: false)
mario_bros,marioSmallRun,0

,48,96,80,32,16,16,0.100000
,48,96,96,32,16,16,0.010000
,48,96,112,32,16,16,0.010000